grade,topic,Code-1,Code-2,Describe
K,K.Forces and Interactions: Pushes and Pulls,K-PS2-1,,Plan and conduct an investigation to compare the effects of different strengths or different directions of pushes and pulls on the motion of an object.
K,K.Forces and Interactions: Pushes and Pulls,K-PS2-2,,Analyze data to determine if a design solution works as intended to change the speed or direction of an object with a push or a pull.
K,K.Forces and Interactions: Pushes and Pulls,K-PS2-1,PS2.A,Forces and Motion
K,K.Forces and Interactions: Pushes and Pulls,K-PS2-2,PS2.A,Forces and Motion
K,K.Forces and Interactions: Pushes and Pulls,K-PS2-1,PS2.B,Types of Interactions
K,K.Forces and Interactions: Pushes and Pulls,K-PS2-1,PS3.C,Relationship Between Energy and Forces
K,K.Forces and Interactions: Pushes and Pulls,K-PS2-2,ETS1.A,Defining Engineering Problems
K,"K.Interdependent Relationships in Ecosystems: Animals, Plants, and Their Environment",K-LS1-1,,Use observations to describe patterns of what plants and animals (including humans) need to survive.
K,"K.Interdependent Relationships in Ecosystems: Animals, Plants, and Their Environment",K-ESS2-2,,"Construct an argument supported by evidence for how plants and animals (including humans) can change the
environment to meet their needs. "
K,"K.Interdependent Relationships in Ecosystems: Animals, Plants, and Their Environment",K-ESS3-1,,"Use a model to represent the relationship between the needs of different plants or animals (including humans)
and the places they live."
K,"K.Interdependent Relationships in Ecosystems: Animals, Plants, and Their Environment",K-ESS3-3,,"Communicate solutions that will reduce the impact of humans on the land, water, air, and/or other living things
in the local environment."
K,"K.Interdependent Relationships in Ecosystems: Animals, Plants, and Their Environment",K-LS1-1,LS1.C,"Organization for Matter and Energy Flow in
Crosscutting Concepts
Patterns
Modeling in KÐ2 builds on prior experiences and progresses to
Organisms"
K,"K.Interdependent Relationships in Ecosystems: Animals, Plants, and Their Environment",K-ESS2-2,ESS2.E,Biogeology
K,"K.Interdependent Relationships in Ecosystems: Animals, Plants, and Their Environment",K-ESS2-2,ESS3.C,Human Impacts on Earth Systems
K,"K.Interdependent Relationships in Ecosystems: Animals, Plants, and Their Environment",K-ESS3-3,ESS3.C,Human Impacts on Earth Systems
K,"K.Interdependent Relationships in Ecosystems: Animals, Plants, and Their Environment",K-ESS3-3,ETS1.B,Developing Possible Solutions
K,K.Weather and Climate,K-PS3-1,,Make observations to determine the effect of sunlight on EarthÕs surface.
K,K.Weather and Climate,K-PS3-2,,Use tools and materials to design and build a structure that will reduce the warming effect of sunlight on an area.
K,K.Weather and Climate,K-ESS2-1,,Use and share observations of local weather conditions to describe patterns over time.
K,K.Weather and Climate,K-ESS3-2,,"Ask questions to obtain information about the purpose of weather forecasting to prepare for, and respond to,
severe weather."
K,K.Weather and Climate,K-PS3-1,PS3.B,Conservation of Energy and Energy Transfer
K,K.Weather and Climate,K-PS3-2,PS3.B,Conservation of Energy and Energy Transfer
K,K.Weather and Climate,K-ESS2-1,ESS2.D,Weather and Climate
K,K.Weather and Climate,K-ESS2-2,ESS3.B,Natural Hazards
K,K.Weather and Climate,K-ES S3-2,ETS1.A,Defining and Delimiting an Engineering Problem
1,1.Waves: Light and Sound,1-PS4-1,,Plan and conduct investigations to provide evidence that vibrating materials can make sound and that sound can make materials vibrate.
1,1.Waves: Light and Sound,1-PS4-2,,Make observations to construct an evidence-based account that objects can be seen only when illuminated.
1,1.Waves: Light and Sound,1-PS4-3,,Plan and conduct an investigation to determine the effect of placing objects made with different materials in the path of a beam of light.
1,1.Waves: Light and Sound,1-PS4-4,,Use tools and materials to design and build a device that uses light or sound to solve the problem of communicating over a distance.
1,1.Waves: Light and Sound,1-PS4-1,PS4.A,Waves and their applications in technologies for information transfer.
1,1.Waves: Light and Sound,1-PS4-2,PS4.B,Electromagnetic radiation.
1,1.Waves: Light and Sound,1-PS4-4,PS4.C,Information technologies and instrumentation.
1,"1.Structure, Function, and Information Processing",1-LS1-1,,"Use materials to design a solution to a human problem by mimicking how plants and/or animals use their external parts to help them survive, grow, and meet their needs."
1,"1.Structure, Function, and Information Processing",1-LS1-2,,Read texts and use media to determine patterns in behavior of parents and offspring that help offspring survive.
1,"1.Structure, Function, and Information Processing",1-LS3-1,,"Make observations to construct an evidence-based account that young plants and animals are like, but not exactly like, their parents."
1,"1.Structure, Function, and Information Processing",1-LS1-1,LS1.A,Structure and Function: All organisms have external parts.
1,"1.Structure, Function, and Information Processing",1-LS1-1,LS1.B,Growth and Development of Organisms: Adult plants and animals can have young.
1,"1.Structure, Function, and Information Processing",1-LS3-1,LS3.A,"Inheritance of Traits: Young animals are very much, but not exactly, like their parents."
1,"1.Structure, Function, and Information Processing",1-LS1-1,ETS1.A,Defining Engineering Problems: Every human-made product is designed by applying some knowledge of the natural world.
1,1.Space Systems: Patterns and Cycles,1-ESS1-1,,"Use observations of the sun, moon, and stars to describe patterns that can be predicted."
1,1.Space Systems: Patterns and Cycles,1-ESS1-2,,Make observations at different times of year to relate the amount of daylight to the time of year.
1,1.Space Systems: Patterns and Cycles,1-ESS1-1,ESS1.A,"The Universe and Stars: Patterns of the motion of the sun, moon, and stars can be observed, described, and predicted."
1,1.Space Systems: Patterns and Cycles,1-ESS1-2,ESS1.B,"Earth and the Solar System: Seasonal patterns of sunrise and sunset can be observed, described, and predicted."
1,1.Space Systems: Patterns and Cycles,2-PS1-1,,Plan and conduct an investigation to describe and classify different kinds of materials by their observable properties.
2,2.Structure and Properties of Matter,2-PS1-2,,Analyze data obtained from testing different materials to determine which materials have the properties that are best suited for an intended purpose.
2,2.Structure and Properties of Matter,2-PS1-3,,Make observations to construct an evidence-based account of how an object made of a small set of pieces can be disassembled and made into a new object.
2,2.Structure and Properties of Matter,2-PS1-4,,Construct an argument with evidence that some changes caused by heating or cooling can be reversed and some cannot.
2,2.Structure and Properties of Matter,2-PS1-1,PS1.A,Structure and Properties of Matter.
2,2.Structure and Properties of Matter,2-PS1-2,PS1.A,Structure and Properties of Matter.
2,2.Structure and Properties of Matter,2-PS1-3,PS1.A,Structure and Properties of Matter.
2,2.Structure and Properties of Matter,2-PS1-4,PS1.B,Chemical Reactions.
2,2.Interdependent Relationships in Ecosystems,2-LS2-1,,Plan and conduct an investigation to determine if plants need sunlight and water to grow.
2,2.Interdependent Relationships in Ecosystems,2-LS2-2,,Develop a simple model that mimics the function of an animal in dispersing seeds or pollinating plants.
2,2.Interdependent Relationships in Ecosystems,2-LS4-1,,Make observations of plants and animals to compare the diversity of life in different habitats.
2,2.Interdependent Relationships in Ecosystems,2-LS2-1,LS2.A,Interdependent Relationships in Ecosystems.
2,2.Interdependent Relationships in Ecosystems,2-LS2-2,LS2.A,Interdependent Relationships in Ecosystems.
2,2.Interdependent Relationships in Ecosystems,2-LS4-1,LS4.D,Biodiversity and Humans.
2,2.Interdependent Relationships in Ecosystems,2-LS2-2,ETS1.B,Developing Possible Solutions.
2,2.Earth’s Systems: Processes that Shape the Earth,2-ESS1-1,,Use information from several sources to provide evidence that Earth events can occur quickly or slowly.
2,2.Earth’s Systems: Processes that Shape the Earth,2-ESS2-1,,Compare multiple solutions designed to slow or prevent wind or water from changing the shape of the land.
2,2.Earth’s Systems: Processes that Shape the Earth,2-ESS2-2,,Develop a model to represent the shapes and kinds of land and bodies of water in an area.
2,2.Earth’s Systems: Processes that Shape the Earth,2-ESS2-3,,Obtain information to identify where water is found on Earth and that it can be solid or liquid.
2,2.Earth’s Systems: Processes that Shape the Earth,2-ESS1-1,ESS1.C,The History of Planet Earth.
2,2.Earth’s Systems: Processes that Shape the Earth,2-ESS2-1,ESS2.A,Earth Materials and Systems
2,2.Earth’s Systems: Processes that Shape the Earth,2-ESS2-2,ESS2.B,Plate Tectonics and Large-Scale System Interactions.
2,2.Earth’s Systems: Processes that Shape the Earth,2-ESS2-3,ESS2.C,The Roles of Water in EarthÕs Surface Processes.
2,2.Earth’s Systems: Processes that Shape the Earth,2-ESS2-1,ETS1.C,Optimizing the Design Solution
2,K-2.Engineering Design,K-2-ETS1-1,,"Ask questions, make observations, and gather information about a situation people want to change to define a simple problem that can be solved through the development of a new or improved object or tool."
2,K-2.Engineering Design,K-2-ETS1-2,,"Develop a simple sketch, drawing, or physical model to illustrate how the shape of an object helps it function as needed to solve a given problem."
2,K-2.Engineering Design,K-2-ETS1-3,,Analyze data from tests of two objects designed to solve the same problem to compare the strengths and weaknesses of how each performs.
2,K-2.Engineering Design,K-2-ETS1-1,ETS1.A,Defining and Delimiting Engineering Problems.
2,K-2.Engineering Design,K-2-ETS1-2,ETS1.B,Developing Possible Solutions.
2,K-2.Engineering Design,K-2-ETS1-3,ETS1.C,Optimizing the Design Solution.
3,3.Forces and Interactions,3-PS2-1,,Plan and conduct an investigation to provide evidence of the effects of balanced and unbalanced forces on the motion of an object.
3,3.Forces and Interactions,3-PS2-2,,Make observations and/or measurements of an objectÕs motion to provide evidence that a pattern can be used to predict future motion.
3,3.Forces and Interactions,3-PS2-3,,Ask questions to determine cause and effect relationships of electric or magnetic interactions between two objects not in contact with each other.
3,3.Forces and Interactions,3-PS2-4,,Define a simple design problem that can be solved by applying scientific ideas about magnets.
3,3.Forces and Interactions,3-PS2-1,PS2.A,Forces and Motion.
3,3.Forces and Interactions,3-PS2-2,PS2.A,Forces and Motion.
3,3.Forces and Interactions,3-PS2-1,PS2.B,Types of Interactions.
3,3.Forces and Interactions,3-PS2-3,PS2.B,Types of Interactions.
3,3.Forces and Interactions,3-PS2-4,PS2.B,Types of Interactions.
3,3.Interdependent Relationships in Ecosystems ,3-LS2-1,,Construct an argument that some animals form groups that help members survive.
3,3.Interdependent Relationships in Ecosystems ,3-LS4-1,,Analyze and interpret data from fossils to provide evidence of the organisms and the environments in which they lived long ago.
3,3.Interdependent Relationships in Ecosystems ,3-LS4-3,,"Construct an argument with evidence that in a particular habitat some organisms can survive well, some survive less well, and some cannot survive at all."
3,3.Interdependent Relationships in Ecosystems ,3-LS4-4,,Make a claim about the merit of a solution to a problem caused when the environment changes and the types of plants and animals that live there may change.
3,3.Interdependent Relationships in Ecosystems ,3-LS4-4,LS2.C,"Ecosystem Dynamics, Functioning, and Resilience."
3,3.Interdependent Relationships in Ecosystems ,3-LS2-1,LS2.D,Social Interactions and Group Behavior
3,3.Interdependent Relationships in Ecosystems ,3-LS4-1,LS4.A,Evidence of Common Ancestry and Diversity
3,3.Interdependent Relationships in Ecosystems ,3-LS4-3,LS4.C,Adaptation
3,3.Interdependent Relationships in Ecosystems ,3-LS4-4,LS4.D,Biodiversity and Humans.
3,3.Inheritance and Variation of Traits: Life Cycles and Traits,3-LS1-1,,"Develop models to describe that organisms have unique and diverse life cycles but all have in common birth, growth, reproduction, and death."
3,3.Inheritance and Variation of Traits: Life Cycles and Traits,3-LS3-1,,Analyze and interpret data to provide evidence that plants and animals have traits inherited from parents and that variation of these traits exists in a group of similar organisms.
3,3.Inheritance and Variation of Traits: Life Cycles and Traits,3-LS3-2,,Use evidence to support the explanation that traits can be influenced by the environment.
3,3.Inheritance and Variation of Traits: Life Cycles and Traits,3-LS4-2,,"Use evidence to construct an explanation for how the variations in characteristics among individuals of the same species may provide advantages in surviving, finding mates, and reproducing."
3,3.Inheritance and Variation of Traits: Life Cycles and Traits,3-LS4-1,LS1.B,Growth and Development of Organisms.
3,3.Inheritance and Variation of Traits: Life Cycles and Traits,3-LS4-1,LS3.A,Inheritance of Traits.
3,3.Inheritance and Variation of Traits: Life Cycles and Traits,3-LS4-2,LS3.A,Inheritance of Traits.
3,3.Inheritance and Variation of Traits: Life Cycles and Traits,3-LS3-1,LS3.B,Variation of Traits
3,3.Inheritance and Variation of Traits: Life Cycles and Traits,3-LS3-2,LS3.B,Variation of Traits
3,3.Inheritance and Variation of Traits: Life Cycles and Traits,3-LS4-2,LS4.B,Natural Selection.
3,3.Weather and Climate,3-ESS2-1,,Represent data in tables and graphical displays to describe typical weather conditions expected during a particular season.
3,3.Weather and Climate,3-ESS2-2,,Obtain and combine information to describe climates in different regions of the world.
3,3.Weather and Climate,3-ESS3-1,,Make a claim about the merit of a design solution that reduces the impacts of a weather-related hazard.
3,3.Weather and Climate,3-ESS2-1,ESS2.D,Weather and Climate.
3,3.Weather and Climate,3-ESS2-2,ESS2.D,Weather and Climate.
3,3.Weather and Climate,3-ESS3-1,ESS3.B,Natural Processes and Their Impacts.
4,4.Energy,4-PS3-1,,Use evidence to construct an explanation relating the speed of an object to the energy of that object.
4,4.Energy,4-PS3-2,,"Make observations to provide evidence that energy can be transferred from place to place by sound, light, heat, and electric currents."
4,4.Energy,4-PS3-3,,Ask questions and predict outcomes about the changes in energy that occur when objects collide.
4,4.Energy,4-PS3-4,,"Apply scientific ideas to design, test, and refine a device that converts energy from one form to another."
4,4.Energy,4-ESS3-1,,Obtain and combine information to describe that energy and fuels are derived from natural resources and their uses affect the environment.
4,4.Energy,4-PS3-1,PS3.A,Definitions of Energy.
4,4.Energy,4-PS3-2,PS3.A,Definitions of Energy.
4,4.Energy,4-PS3-3,PS3.A,Definitions of Energy.
4,4.Energy,4-PS3-2,PS3.B,Conservation of Energy and Energy Transfer.
4,4.Energy,4-PS3-3,PS3.B,Conservation of Energy and Energy Transfer.
4,4.Energy,4-PS3-4,PS3.B,Conservation of Energy and Energy Transfer.
4,4.Energy,4-PS3-3,PS3.C,Relationship Between Energy and Forces.
4,4.Energy,4-PS3-4,PS3.D,Energy in Chemical Processes and Everyday Life
4,4.Energy,4-PS3-1,ESS3.A,Natural Resources
4,4.Energy,4-PS3-4,ETS1.A,Defining Engineering Problems
4,4.Waves: Waves and Information,4-PS4-1,,Develop a model of waves to describe patterns in terms of amplitude and wavelength and that waves can cause objects to move.
4,4.Waves: Waves and Information,4-PS4-3,,Generate and compare multiple solutions that use patterns to transfer information.
4,4.Waves: Waves and Information,4-PS4-1,PS4.A,Wave Properties.
4,4.Waves: Waves and Information,4-PS4-3,PS4.C,Information Technologies and Instrumentation.
4,4.Waves: Waves and Information,4-PS4-3,ETS1.C,Optimizing the Design Solution.
4,"4.Structure, Function, and Information Processing",4-PS4-2,,Develop a model to describe that light reflecting from objects and entering the eye allows objects to be seen.
4,"4.Structure, Function, and Information Processing",4-LS1-1,,"Construct an argument that plants and animals have internal and external structures that function to support survival, growth, behavior, and reproduction."
4,"4.Structure, Function, and Information Processing",4-LS1-2,,"Use a model to describe that animals receive different types of information through their senses, process the information in their brain, and respond to the information in different ways."
4,"4.Structure, Function, and Information Processing",4-LS1-1,LS1.A,Structure and Function.
4,"4.Structure, Function, and Information Processing",4-LS1-2,LS1.D,Information Processing.
4,"4.Structure, Function, and Information Processing",4-PS4-2,PS4.B,Electromagnetic Radiation.
4,4.Earth’s Systems: Processes that Shape the Earth,4-ESS1-1,,Identify evidence from patterns in rock formations and fossils in rock layers to support an explanation for changes in a landscape over time.
4,4.Earth’s Systems: Processes that Shape the Earth,4-ESS2-1,,"Make observations and/or measurements to provide evidence of the effects of weathering or the rate of erosion by water, ice, wind, or vegetation."
4,4.Earth’s Systems: Processes that Shape the Earth,4-ESS2-2,,Analyze and interpret data from maps to describe patterns of EarthÕs features.
4,4.Earth’s Systems: Processes that Shape the Earth,4-ESS3-2,,Generate and compare multiple solutions to reduce the impacts of natural Earth processes on humans.
4,4.Earth’s Systems: Processes that Shape the Earth,4-ESS1-1,ESS1.C,The History of Planet Earth.
4,4.Earth’s Systems: Processes that Shape the Earth,4-ESS2-1,ESS2.A,Earth Materials and Systems.
4,4.Earth’s Systems: Processes that Shape the Earth,4-ESS2-2,ESS2.B,Plate Tectonics and Large-Scale System Interactions.
4,4.Earth’s Systems: Processes that Shape the Earth,4-ESS3-2,ESS2.E,Natural Hazards.
4,4.Earth’s Systems: Processes that Shape the Earth,4-ESS3-2,ESS3.B,Designing Solutions to Engineering Problems
5,5.Structure and Properties of Matter,5-PS1-1,,Develop a model to describe that matter is made of particles too small to be seen.
5,5.Structure and Properties of Matter,5-PS1-2,,"Measure and graph quantities to provide evidence that regardless of the type of change that occurs when
heating, cooling, or mixing substances, the total weight of matter is conserved. "
5,5.Structure and Properties of Matter,5-PS1-3,,Make observations and measurements to identify materials based on their properties.
5,5.Structure and Properties of Matter,5-PS1-4,,Conduct an investigation to determine whether the mixing of two or more substances results in new substances.
5,5.Structure and Properties of Matter,5-PS1-1,PS1.A,Structure and Properties of Matter
5,5.Structure and Properties of Matter,5-PS1-2,PS1.A,Structure and Properties of Matter
5,5.Structure and Properties of Matter,5-PS1-3,PS1.A,Structure and Properties of Matter
5,5.Structure and Properties of Matter,5-PS1-4,PS1.B,Chemical Reactions
5,5.Structure and Properties of Matter,5-PS1-2,PS1.B,Chemical Reactions
5,5.Matter and Energy in Organisms and Ecosystems,5-PS3-1,,"Use models to describe that energy in animalsÕ food (used for body repair, growth, motion, and to maintain body
warmth) was once energy from the sun."
5,5.Matter and Energy in Organisms and Ecosystems,5-LS1-1,,Support an argument that plants get the materials they need for growth chiefly from air and water.
5,5.Matter and Energy in Organisms and Ecosystems,5-LS2-1,,"Develop a model to describe the movement of matter among plants, animals, decomposers, and the environment."
5,5.Matter and Energy in Organisms and Ecosystems,5-PS3-1,PS3.D,Energy in Chemical Processes and Everyday Life
5,5.Matter and Energy in Organisms and Ecosystems,5-PS3-1,LS1.C,Organization for Matter and Energy Flow in Organisms
5,5.Matter and Energy in Organisms and Ecosystems,5-LS1-1,LS1.C,Organization for Matter and Energy Flow in Organisms
5,5.Matter and Energy in Organisms and Ecosystems,5-LS2-1,LS2.A,Interdependent Relationships in Ecosystems
5,5.Matter and Energy in Organisms and Ecosystems,5-LS2-1,LS2.B,Cycles of Matter and Energy Transfer in Ecosystems
5,5.Earth’s Systems,5-ESS2-1,,"Develop a model using an example to describe ways the geosphere, biosphere, hydrosphere, and/or atmosphere
interact."
5,5.Earth’s Systems,5-ESS2-2,,"Describe and graph the amounts of salt water and fresh water in various reservoirs to provide evidence about the
distribution of water on Earth."
5,5.Earth’s Systems,5-ESS3-1,,"Obtain and combine information about ways individual communities use science ideas to protect the EarthÕs
resources and environment."
5,5.Earth’s Systems,5-ESS2-1,ESS2.A,Earth Materials and Systems
5,5.Earth’s Systems,5-ESS2-2,ESS2.C,The Roles of Water in EarthÕs Surface Processes
5,5.Earth’s Systems,5-ESS3-1,ESS3.C,Human Impacts on Earth Systems
5,5.Space Systems: Stars and the Solar System,5-PS2-1,,Support an argument that the gravitational force exerted by Earth on objects is directed down.
5,5.Space Systems: Stars and the Solar System,5-ESS1-1,,"Support an argument that differences in the apparent brightness of the sun compared to other stars is due to their
relative distances from Earth."
5,5.Space Systems: Stars and the Solar System,5-ESS1-2,,"Represent data in graphical displays to reveal patterns of daily changes in length and direction of shadows, day
and night, and the seasonal appearance of some stars in the night sky."
5,5.Space Systems: Stars and the Solar System,5-PS2-1,PS2.B,Types of Interactions
5,5.Space Systems: Stars and the Solar System,5-ESS1-1,ESS1.A,The Universe and its Stars
5,5.Space Systems: Stars and the Solar System,5-ESS1-2,ESS1.B,Earth and the Solar System
5,3-5.Engineering Design,3-5-ETS1-1,,"Define a simple design problem reflecting a need or a want that includes specified criteria for success and
constraints on materials, time, or cost."
5,3-5.Engineering Design,3-5-ETS1-2,,"Generate and compare multiple possible solutions to a problem based on how well each is likely to meet the
criteria and constraints of the problem."
5,3-5.Engineering Design,3-5-ETS1-3,,"Plan and carry out fair tests in which variables are controlled and failure points are considered to identify
aspects of a model or prototype that can be improved."
5,3-5.Engineering Design,3-5-ETS1-1,ETS1.A,Defining and Delimiting Engineering Problems
5,3-5.Engineering Design,3-5-ETS1-2,ETS1.B,Developing Possible Solutions
5,3-5.Engineering Design,3-5-ETS1-3,ETS1.B,Developing Possible Solutions
5,3-5.Engineering Design,3-5-ETS1-3,ETS1.C,Optimizing the Design Solution
MS,MS.Structure and Properties of Matter,MS-PS1-1,,Develop models to describe the atomic composition of simple molecules and extended structures.
MS,MS.Structure and Properties of Matter,MS-PS1-3,,"Gather and make sense of information to describe that synthetic materials come from natural resources and
impact society."
MS,MS.Structure and Properties of Matter,MS-PS1-4,,"Develop a model that predicts and describes changes in particle motion, temperature, and state of a pure
substance when thermal energy is added or removed."
MS,MS.Structure and Properties of Matter,MS-PS1-1,PS1.A,Structure and Properties of Matter
MS,MS.Structure and Properties of Matter,MS-PS1-4,PS1.A,Structure and Properties of Matter
MS,MS.Structure and Properties of Matter,MS-PS1-3,PS1.B,Chemical Reactions
MS,MS.Structure and Properties of Matter,MS-PS1-4,PS3.A,Definitions of Energy
MS,MS.Chemical Reactions,MS-PS1-2,,"Analyze and interpret data on the properties of substances before and after the substances interact to determine
if a chemical reaction has occurred."
MS,MS.Chemical Reactions,MS-PS1-5,,"Develop and use a model to describe how the total number of atoms does not change in a chemical reaction and
thus mass is conserved. "
MS,MS.Chemical Reactions,MS-PS1-6,,"Undertake a design project to construct, test, and modify a device that either releases or absorbs thermal energy
by chemical processes."
MS,MS.Chemical Reactions,MS-PS1-2,PS1.A,Structure and Properties of Matter
MS,MS.Chemical Reactions,MS-PS1-2,PS1.B,Chemical Reactions
MS,MS.Chemical Reactions,MS-PS1-5,PS1.B,Chemical Reactions
MS,MS.Chemical Reactions,MS-PS1-6,PS1.B,Chemical Reactions
MS,MS.Chemical Reactions,MS-PS1-6,ETS1.B,Developing Possible Solutions
MS,MS.Chemical Reactions,MS-PS1-6,ETS1.C,Optimizing the Design Solution
MS,MS.Forces and Interactions,MS-PS2-1,,Apply NewtonÕs Third Law to design a solution to a problem involving the motion of two colliding objects.
MS,MS.Forces and Interactions,MS-PS2-2,,"Plan an investigation to provide evidence that the change in an objectÕs motion depends on the sum of the
forces on the object and the mass of the object."
MS,MS.Forces and Interactions,MS-PS2-3,,Ask questions about data to determine the factors that affect the strength of electric and magnetic forces.
MS,MS.Forces and Interactions,MS-PS2-4,,"Construct and present arguments using evidence to support the claim that gravitational interactions are
attractive and depend on the masses of interacting objects."
MS,MS.Forces and Interactions,MS-PS2-5,,"Conduct an investigation and evaluate the experimental design to provide evidence that fields exist between
objects exerting forces on each other even though the objects are not in contact."
MS,MS.Forces and Interactions,MS-PS2-1,PS2.A,Forces and Motion
MS,MS.Forces and Interactions,MS-PS2-2,PS2.A,Forces and Motion
MS,MS.Forces and Interactions,MS-PS2-3,PS2.B,Types of Interactions
MS,MS.Forces and Interactions,MS-PS2-4,PS2.B,Types of Interactions
MS,MS.Forces and Interactions,MS-PS2-5,PS2.B,Types of Interactions
MS,MS.Energy,MS-PS3-1,,"Construct and interpret graphical displays of data to describe the relationships of kinetic energy to the mass of an
object and to the speed of an object."
MS,MS.Energy,MS-PS3-2,,"Develop a model to describe that when the arrangement of objects interacting at a distance changes, different
amounts of potential energy are stored in the system."
MS,MS.Energy,MS-PS3-3,,"Apply scientific principles to design, construct, and test a device that either minimizes or maximizes thermal
energy transfer."
MS,MS.Energy,MS-PS3-4,,"Plan an investigation to determine the relationships among the energy transferred, the type of matter, the mass,
and the change in the average kinetic energy of the particles as measured by the temperature of the sample."
MS,MS.Energy,MS-PS3-5,,"Construct, use, and present arguments to support the claim that when the kinetic energy of an object changes,
energy is transferred to or from the object."
MS,MS.Energy,MS-PS3-1,PS3.A,Definitions of Energy
MS,MS.Energy,MS-PS3-2,PS3.A,Definitions of Energy
MS,MS.Energy,MS-PS3-3,PS3.A,Definitions of Energy
MS,MS.Energy,MS-PS3-4,PS3.A,Definitions of Energy
MS,MS.Energy,MS-PS3-3,PS3.B,Conservation of Energy and Energy Transfer
MS,MS.Energy,MS-PS3-4,PS3.B,Conservation of Energy and Energy Transfer
MS,MS.Energy,MS-PS3-5,PS3.B,Conservation of Energy and Energy Transfer
MS,MS.Energy,MS-PS3-2,PS3.C,Relationship Between Energy and Forces
MS,MS.Energy,MS-PS3-3,ETS1.A,"Defining and Delimiting an Engineering
Problem"
MS,MS.Energy,MS-PS3-3,ETS1.B,Developing Possible Solutions
MS,MS.Waves and Electromagnetic Radiation,MS-PS4-1,,"Use mathematical representations to describe a simple model for waves that includes how the amplitude of a
wave is related to the energy in a wave."
MS,MS.Waves and Electromagnetic Radiation,MS-PS4-2,,"Develop and use a model to describe that waves are reflected, absorbed, or transmitted through various
materials."
MS,MS.Waves and Electromagnetic Radiation,MS-PS4-3,,"Integrate qualitative scientific and technical information to support the claim that digitized signals are a more
reliable way to encode and transmit information than analog signals."
MS,MS.Waves and Electromagnetic Radiation,MS-PS4-1,PS4.A,Wave Properties
MS,MS.Waves and Electromagnetic Radiation,MS-PS4-2,PS4.A,Wave Properties
MS,MS.Waves and Electromagnetic Radiation,MS-PS4-2,PS4.B,Electromagnetic Radiation
MS,MS.Waves and Electromagnetic Radiation,MS-PS4-3,PS4.C,Information Technologies and Instrumentation
MS,"MS.Structure, Function, and Information Processing",MS-LS1-1,,"Conduct an investigation to provide evidence that living things are made of cells; either one cell or many
different numbers and types of cells."
MS,"MS.Structure, Function, and Information Processing",MS-LS1-2,,"Develop and use a model to describe the function of a cell as a whole and ways the parts of cells contribute to
the function."
MS,"MS.Structure, Function, and Information Processing",MS-LS1-3,,"Use argument supported by evidence for how the body is a system of interacting subsystems composed of
groups of cells."
MS,"MS.Structure, Function, and Information Processing",MS-LS1-8,,"Gather and synthesize information that sensory receptors respond to stimuli by sending messages to the brain
for immediate behavior or storage as memories."
MS,"MS.Structure, Function, and Information Processing",MS-LS1-1,LS1.A,Structure and Function
MS,"MS.Structure, Function, and Information Processing",MS-LS1-2,LS1.A,Structure and Function
MS,"MS.Structure, Function, and Information Processing",MS-LS1-3,LS1.A,Structure and Function
MS,"MS.Structure, Function, and Information Processing",MS-LS1-8,LS1.D,Information Processing
MS,MS.Matter and Energy in Organisms and Ecosystems,MS-LS1-6,,"Construct a scientific explanation based on evidence for the role of photosynthesis in the cycling of matter and
flow of energy into and out of organisms."
MS,MS.Matter and Energy in Organisms and Ecosystems,MS-LS1-7,,"Develop a model to describe how food is rearranged through chemical reactions forming new molecules that
support growth and/or release energy as this matter moves through an organism."
MS,MS.Matter and Energy in Organisms and Ecosystems,MS-LS2-1,,"Analyze and interpret data to provide evidence for the effects of resource availability on organisms and
populations of organisms in an ecosystem."
MS,MS.Matter and Energy in Organisms and Ecosystems,MS-LS2-3,,"Develop a model to describe the cycling of matter and flow of energy among living and nonliving parts of an
ecosystem."
MS,MS.Matter and Energy in Organisms and Ecosystems,MS-LS2-4,,"Construct an argument supported by empirical evidence that changes to physical or biological components of an
ecosystem affect populations."
MS,MS.Matter and Energy in Organisms and Ecosystems,MS-LS1-6,LS1.C,Organization for Matter and Energy Flow in Organisms
MS,MS.Matter and Energy in Organisms and Ecosystems,MS-LS1-7,LS1.C,Organization for Matter and Energy Flow in Organisms
MS,MS.Matter and Energy in Organisms and Ecosystems,MS-LS2-1,LS2.A,Interdependent Relationships in Ecosystems
MS,MS.Matter and Energy in Organisms and Ecosystems,MS-LS2-3,LS2.B,Cycle of Matter and Energy Transfer in Ecosystems
MS,MS.Matter and Energy in Organisms and Ecosystems,MS-LS2-4,LS2.C,"Ecosystem Dynamics, Functioning, and Resilience"
MS,MS.Matter and Energy in Organisms and Ecosystems,MS-LS1-6,PS3.D,Energy in Chemical Processes and Everyday Life
MS,MS.Matter and Energy in Organisms and Ecosystems,MS-LS1-7,PS3.D,Energy in Chemical Processes and Everyday Life
MS,MS.Interdependent Relationships in Ecosystems,MS-LS2-2,,Construct an explanation that predicts patterns of interactions among organisms across multiple ecosystems.
MS,MS.Interdependent Relationships in Ecosystems,MS-LS2-5,,Evaluate competing design solutions for maintaining biodiversity and ecosystem services.
MS,MS.Interdependent Relationships in Ecosystems,MS-LS2-2,LS2.A,Interdependent Relationships in Ecosystems
MS,MS.Interdependent Relationships in Ecosystems,MS-LS2-5,LS2.C,"Ecosystem Dynamics, Functioning, and Resilience"
MS,MS.Interdependent Relationships in Ecosystems,MS-LS2-5,LS4.D,Biodiversity and Humans
MS,MS.Interdependent Relationships in Ecosystems,MS-LS2-5,ETS1.B,Developing Possible Solutions
MS,"MS.Growth, Development, and Reproduction of Organisms",MS-LS1-4,,"Use argument based on empirical evidence and scientific reasoning to support an explanation for how
characteristic animal behaviors and specialized plant structures affect the probability of successful reproduction
of animals and plants respectively."
MS,"MS.Growth, Development, and Reproduction of Organisms",MS-LS1-5,,"Construct a scientific explanation based on evidence for how environmental and genetic factors influence the
growth of organisms."
MS,"MS.Growth, Development, and Reproduction of Organisms",MS-LS3-1,,"Develop and use a model to describe why structural changes to genes (mutations) located on chromosomes may
affect proteins and may result in harmful, beneficial, or neutral effects to the structure and function of the
organism. "
MS,"MS.Growth, Development, and Reproduction of Organisms",MS-LS3-2,,"Develop and use a model to describe why asexual reproduction results in offspring with identical genetic
information and sexual reproduction results in offspring with genetic variation."
MS,"MS.Growth, Development, and Reproduction of Organisms",MS-LS4-5,,"Gather and synthesize information about technologies that have changed the way humans influence the
inheritance of desired traits in organisms."
MS,"MS.Growth, Development, and Reproduction of Organisms",MS-LS3-2,LS1.B,Growth and Development of Organisms
MS,"MS.Growth, Development, and Reproduction of Organisms",MS-LS1-4,LS1.B,Growth and Development of Organisms
MS,"MS.Growth, Development, and Reproduction of Organisms",MS-LS1-5,LS1.B,Growth and Development of Organisms
MS,"MS.Growth, Development, and Reproduction of Organisms",MS-LS3-1,LS3.A,Inheritance of Traits
MS,"MS.Growth, Development, and Reproduction of Organisms",MS-LS3-2,LS3.A,Inheritance of Traits
MS,"MS.Growth, Development, and Reproduction of Organisms",MS-LS3-1,LS3.B,Variation of Traits
MS,"MS.Growth, Development, and Reproduction of Organisms",MS-LS3-2,LS3.B,Variation of Traits
MS,"MS.Growth, Development, and Reproduction of Organisms",MS-LS4-5,LS4.B,Natural Selection
MS,MS.Natural Selection and Adaptations,MS-LS4-1,,"Analyze and interpret data for patterns in the fossil record that document the existence, diversity,
extinction, and change of life forms throughout the history of life on Earth under the assumption that
natural laws operate today as in the past."
MS,MS.Natural Selection and Adaptations,MS-LS4-2,,"Apply scientific ideas to construct an explanation for the anatomical similarities and differences among
modern organisms and between modern and fossil organisms to infer evolutionary relationships."
MS,MS.Natural Selection and Adaptations,MS-LS4-3,,"Analyze displays of pictorial data to compare patterns of similarities in the embryological development
across multiple species to identify relationships not evident in the fully formed anatomy."
MS,MS.Natural Selection and Adaptations,MS-LS4-4,,"Construct an explanation based on evidence that describes how genetic variations of traits in a population
increase some individualsÕ probability of surviving and reproducing in a specific environment."
MS,MS.Natural Selection and Adaptations,MS-LS4-6,,"Use mathematical representations to support explanations of how natural selection may lead to increases
and decreases of specific traits in populations over time."
MS,MS.Natural Selection and Adaptations,MS-LS4-1,LS4.A,Evidence of Common Ancestry and Diversity
MS,MS.Natural Selection and Adaptations,MS-LS4-2,LS4.A,Evidence of Common Ancestry and Diversity
MS,MS.Natural Selection and Adaptations,MS-LS4-4,LS4.B,Natural Selection
MS,MS.Natural Selection and Adaptations,MS-LS4-6,LS4.C,Adaptation
MS,MS.Space Systems,MS-ESS1-1,,"Develop and use a model of the Earth-sun-moon system to describe the cyclic patterns of lunar phases,
eclipses of the sun and moon, and seasons."
MS,MS.Space Systems,MS-ESS1-2,,Develop and use a model to describe the role of gravity in the motions within galaxies and the solar system.
MS,MS.Space Systems,MS-ESS1-3,,Analyze and interpret data to determine scale properties of objects in the solar system.
MS,MS.Space Systems,MS-ESS1-1,ESS1.A,The Universe and Its Stars
MS,MS.Space Systems,MS-ESS1-2,ESS1.A,The Universe and Its Stars
MS,MS.Space Systems,MS-ESS1-1,ESS1.B,Earth and the Solar System
MS,MS.Space Systems,MS-ESS1-2,ESS1.B,Earth and the Solar System
MS,MS.Space Systems,MS-ESS1-3,ESS1.B,Earth and the Solar System
MS,MS.History of Earth,MS-ESS1-4,,"Construct a scientific explanation based on evidence from rock strata for how the geologic time scale is used to
organize EarthÕs 4.6-billion-year-old history."
MS,MS.History of Earth,MS-ESS2-2,,"Construct an explanation based on evidence for how geoscience processes have changed EarthÕs surface at
varying time and spatial scales."
MS,MS.History of Earth,MS-ESS2-3,,"Analyze and interpret data on the distribution of fossils and rocks, continental shapes, and seafloor structures to
provide evidence of the past plate motions. "
MS,MS.History of Earth,MS-ESS1-4,ESS1.C,The History of Planet Earth
MS,MS.History of Earth,MS-ESS2-3,ESS1.C,The History of Planet Earth
MS,MS.History of Earth,MS-ESS2-2,ESS2.A,EarthÕs Materials and Systems
MS,MS.History of Earth,MS-ESS2-3,ESS2.B,Plate Tectonics and Large-Scale System Interactions
MS,MS.History of Earth,MS-ESS2-2,ESS2.C,The Roles of Water in EarthÕs Surface Processes
MS,MS.Earth’s Systems,MS-ESS2-1,,Develop a model to describe the cycling of EarthÕs materials and the flow of energy that drives this process.
MS,MS.Earth’s Systems,MS-ESS2-4,,"Develop a model to describe the cycling of water through EarthÕs systems driven by energy from the sun and
the force of gravity."
MS,MS.Earth’s Systems,MS-ESS3-1,,"Construct a scientific explanation based on evidence for how the uneven distributions of EarthÕs mineral,
energy, and groundwater resources are the result of past and current geoscience processes."
MS,MS.Earth’s Systems,MS-ESS2-1,ESS2.A,EarthÕs Materials and Systems
MS,MS.Earth’s Systems,MS-ESS2-4,ESS2.C,The Roles of Water in EarthÕs Surface Processes
MS,MS.Earth’s Systems,MS-ESS3-1,ESS3.A,Natural Resources
MS,MS.Weather and Climate,MS-ESS2-5,,"Collect data to provide evidence for how the motions and complex interactions of air masses result in changes in
weather conditions."
MS,MS.Weather and Climate,MS-ESS2-6,,"Develop and use a model to describe how unequal heating and rotation of the Earth cause patterns of
atmospheric and oceanic circulation that determine regional climates."
MS,MS.Weather and Climate,MS-ESS3-5,,"Ask questions to clarify evidence of the factors that have caused the rise in global temperatures over the past
century."
MS,MS.Weather and Climate,MS-ESS2-5,ESS2.C,The Roles of Water in EarthÕs Surface Processes
MS,MS.Weather and Climate,MS-ESS2-6,ESS2.C,The Roles of Water in EarthÕs Surface Processes
MS,MS.Weather and Climate,MS-ESS2-5,ESS2.D,Weather and Climate
MS,MS.Weather and Climate,MS-ESS2-6,ESS2.D,Weather and Climate
MS,MS.Weather and Climate,MS-ESS3-5,ESS3.D,Global Climate Change
MS,MS.Human Impacts,MS-ESS3-2,,"Analyze and interpret data on natural hazards to forecast future catastrophic events and inform the development
of technologies to mitigate their effects."
MS,MS.Human Impacts,MS-ESS3-3,,"Apply scientific principles to design a method for monitoring and minimizing a human impact on the
environment."
MS,MS.Human Impacts,MS-ESS3-4,,"Construct an argument supported by evidence for how increases in human population and per-capita
consumption of natural resources impact EarthÕs systems."
MS,MS.Human Impacts,MS-ESS3-2,ESS3.B,Natural Hazards
MS,MS.Human Impacts,MS-ESS3-3,ESS3.C,Human Impacts on Earth Systems
MS,MS.Human Impacts,MS-ESS3-4,ESS3.C,Human Impacts on Earth Systems
MS,MS.Engineering Design,MS-ETS1-1,,"Define the criteria and constraints of a design problem with sufficient precision to ensure a successful solution,
taking into account relevant scientific principles and potential impacts on people and the natural environment
that may limit possible solutions."
MS,MS.Engineering Design,MS-ETS1-2,,"Evaluate competing design solutions using a systematic process to determine how well they meet the criteria
and constraints of the problem."
MS,MS.Engineering Design,MS-ETS1-3,,"Analyze data from tests to determine similarities and differences among several design solutions to identify
the best characteristics of each that can be combined into a new solution to better meet the criteria for
success."
MS,MS.Engineering Design,MS-ETS1-4,,"Develop a model to generate data for iterative testing and modification of a proposed object, tool, or process
such that an optimal design can be achieved."
MS,MS.Engineering Design,MS-ETS1-1,ETS1.A,Defining and Delimiting Engineering Problems
MS,MS.Engineering Design,MS-ETS1-2,ETS1.B,Developing Possible Solutions
MS,MS.Engineering Design,MS-ETS1-3,ETS1.B,Developing Possible Solutions
MS,MS.Engineering Design,MS-ETS1-4,ETS1.B,Developing Possible Solutions
MS,MS.Engineering Design,MS-ETS1-3,ETS1.C,Optimizing the Design Solution
MS,MS.Engineering Design,MS-ETS1-4,ETS1.C,Optimizing the Design Solution
HS,HS.Structure and Properties of Matter,HS-PS1-1,,"Use the periodic table as a model to predict the relative properties of elements based on the patterns of
electrons in the outermost energy level of atoms."
HS,HS.Structure and Properties of Matter,HS-PS1-3,,"Plan and conduct an investigation to gather evidence to compare the structure of substances at the bulk scale
to infer the strength of electrical forces between particles."
HS,HS.Structure and Properties of Matter,HS-PS1-8,,"Develop models to illustrate the changes in the composition of the nucleus of the atom and the energy
released during the processes of fission, fusion, and radioactive decay."
HS,HS.Structure and Properties of Matter,HS-PS2-6,,"Communicate scientific and technical information about why the molecular-level structure is important in the
functioning of designed materials."
HS,HS.Structure and Properties of Matter,HS-PS1-1,PS1.A,Structure and Properties of Matter
HS,HS.Structure and Properties of Matter,HS-PS1-3,PS1.A,Structure and Properties of Matter
HS,HS.Structure and Properties of Matter,HS-PS2-6,PS1.A,Structure and Properties of Matter
HS,HS.Structure and Properties of Matter,HS-PS1-8,PS1.C,Nuclear Processes
HS,HS.Structure and Properties of Matter,HS-PS1-1,PS2.B,Types of Interactions
HS,HS.Structure and Properties of Matter,HS-PS1-3,PS2.B,Types of Interactions
HS,HS.Structure and Properties of Matter,HS-PS2-6,PS2.B,Types of Interactions
HS,HS.Chemical Reactions,HS-PS1-2,,"Construct and revise an explanation for the outcome of a simple chemical reaction based on the outermost
electron states of atoms, trends in the periodic table, and knowledge of the patterns of chemical properties."
HS,HS.Chemical Reactions,HS-PS1-4,,"Develop a model to illustrate that the release or absorption of energy from a chemical reaction system
depends upon the changes in total bond energy."
HS,HS.Chemical Reactions,HS-PS1-5,,"Apply scientific principles and evidence to provide an explanation about the effects of changing the
temperature or concentration of the reacting particles on the rate at which a reaction occurs."
HS,HS.Chemical Reactions,HS-PS1-6,,"Refine the design of a chemical system by specifying a change in conditions that would produce increased
amounts of products at equilibrium."
HS,HS.Chemical Reactions,HS-PS1-7,,"Use mathematical representations to support the claim that atoms, and therefore mass, are conserved
during a chemical reaction."
HS,HS.Chemical Reactions,HS-PS1-2,PS1.A,Structure and Properties of Matter
HS,HS.Chemical Reactions,HS-PS1-4,PS1.A,Structure and Properties of Matter
HS,HS.Chemical Reactions,HS-PS1-2,PS1.B,Chemical Reactions
HS,HS.Chemical Reactions,HS-PS1-4,PS1.B,Chemical Reactions
HS,HS.Chemical Reactions,HS-PS1-5,PS1.B,Chemical Reactions
HS,HS.Chemical Reactions,HS-PS1-6,PS1.B,Chemical Reactions
HS,HS.Chemical Reactions,HS-PS1-7,PS1.B,Chemical Reactions
HS,HS.Chemical Reactions,HS-PS1-6,ETS1.C,Optimizing the Design Solution
HS,HS.Forces and Interactions,HS-PS2-1,,"Analyze data to support the claim that NewtonÕs second law of motion describes the mathematical relationship
among the net force on a macroscopic object, its mass, and its acceleration."
HS,HS.Forces and Interactions,HS-PS2-2,,"Use mathematical representations to support the claim that the total momentum of a system of objects is
conserved when there is no net force on the system."
HS,HS.Forces and Interactions,HS-PS2-3,,"Apply scientific and engineering ideas to design, evaluate, and refine a device that minimizes the force on a
macroscopic object during a collision."
HS,HS.Forces and Interactions,HS-PS2-4,,"Use mathematical representations of NewtonÕs Law of Gravitation and CoulombÕs Law to describe and predict
the gravitational and electrostatic forces between objects."
HS,HS.Forces and Interactions,HS-PS2-5,,"Plan and conduct an investigation to provide evidence that an electric current can produce a magnetic field and
that a changing magnetic field can produce an electric current."
HS,HS.Forces and Interactions,HS-PS2-1,PS2.A,Forces and Motion
HS,HS.Forces and Interactions,HS-PS2-2,PS2.A,Forces and Motion
HS,HS.Forces and Interactions,HS-PS2-3,PS2.A,Forces and Motion
HS,HS.Forces and Interactions,HS-PS2-4,PS2.B,Types of Interactions
HS,HS.Forces and Interactions,HS-PS2-5,PS2.B,Types of Interactions
HS,HS.Forces and Interactions,HS-PS2-5,PS3.A,Definitions of Energy
HS,HS.Forces and Interactions,HS-PS2-3,ETS1.A,"Defining and Delimiting Engineering
Problems"
HS,HS.Forces and Interactions,HS-PS2-3,ETS1.C,Optimizing the Design Solution
HS,HS.Energy,HS-PS3-1,,"Create a computational model to calculate the change in the energy of one component in a system when the
change in energy of the other component(s) and energy flows in and out of the system are known."
HS,HS.Energy,HS-PS3-2,,"Develop and use models to illustrate that energy at the macroscopic scale can be accounted for as a
combination of energy associated with the motions of particles (objects) and energy associated with the
relative position of particles (objects)."
HS,HS.Energy,HS-PS3-3,,"Design, build, and refine a device that works within given constraints to convert one form of energy into
another form of energy."
HS,HS.Energy,HS-PS3-4,,"Plan and conduct an investigation to provide evidence that the transfer of thermal energy when two
components of different temperature are combined within a closed system results in a more uniform energy
distribution among the components in the system (second law of thermodynamics)."
HS,HS.Energy,HS-PS3-5,,"Develop and use a model of two objects interacting through electric or magnetic fields to illustrate the forces
between objects and the changes in energy of the objects due to the interaction."
HS,HS.Energy,HS-PS3-1,PS3.A,Definitions of Energy
HS,HS.Energy,HS-PS3-2,PS3.A,Definitions of Energy
HS,HS.Energy,HS-PS3-3,PS3.A,Definitions of Energy
HS,HS.Energy,HS-PS3-1,PS3.B,Conservation of Energy and Energy Transfer
HS,HS.Energy,HS-PS3-4,PS3.B,Conservation of Energy and Energy Transfer
HS,HS.Energy,HS-PS3-5,PS3.C,Relationship Between Energy and Forces
HS,HS.Energy,HS-PS3-3,PS3.D,Energy in Chemical Processes
HS,HS.Energy,HS-PS3-4,PS3.D,Energy in Chemical Processes
HS,HS.Energy,HS-PS3-3,ETS1.A,Defining and Delimiting Engineering Problems
HS,HS.Waves and Electromagnetic Radiation,HS-PS4-1,,"Use mathematical representations to support a claim regarding relationships among the frequency, wavelength,
and speed of waves traveling in various media."
HS,HS.Waves and Electromagnetic Radiation,HS-PS4-2,,Evaluate questions about the advantages of using a digital transmission and storage of information.
HS,HS.Waves and Electromagnetic Radiation,HS-PS4-3,,"Evaluate the claims, evidence, and reasoning behind the idea that electromagnetic radiation can be described
either by a wave model or a particle model, and that for some situations one model is more useful than the other."
HS,HS.Waves and Electromagnetic Radiation,HS-PS4-4,,"Evaluate the validity and reliability of claims in published materials of the effects that different frequencies of
electromagnetic radiation have when absorbed by matter."
HS,HS.Waves and Electromagnetic Radiation,HS-PS4-5,,"Communicate technical information about how some technological devices use the principles of wave behavior
and wave interactions with matter to transmit and capture information and energy."
HS,HS.Waves and Electromagnetic Radiation,HS-PS4-5,PS3.D,Energy in Chemical Processes
HS,HS.Waves and Electromagnetic Radiation,HS-PS4-1,PS4.A,Wave Properties
HS,HS.Waves and Electromagnetic Radiation,HS-PS4-2,PS4.A,Wave Properties
HS,HS.Waves and Electromagnetic Radiation,HS-PS4-3,PS4.A,Wave Properties
HS,HS.Waves and Electromagnetic Radiation,HS-PS4-5,PS4.A,Wave Properties
HS,HS.Waves and Electromagnetic Radiation,HS-PS4-3,PS4.B,Electromagnetic Radiation
HS,HS.Waves and Electromagnetic Radiation,HS-PS4-4,PS4.B,Electromagnetic Radiation
HS,HS.Waves and Electromagnetic Radiation,HS-PS4-5,PS4.B,Electromagnetic Radiation
HS,HS.Waves and Electromagnetic Radiation,HS-PS4-5,PS4.C,"Information Technologies and
Instrumentation"
HS,HS.Structure and Function,HS-LS1-1,,"Construct an explanation based on evidence for how the structure of DNA determines the structure of proteins
which carry out the essential functions of life through systems of specialized cells."
HS,HS.Structure and Function,HS-LS1-2,,"Develop and use a model to illustrate the hierarchical organization of interacting systems that provide specific
functions within multicellular organisms."
HS,HS.Structure and Function,HS-LS1-3,,Plan and conduct an investigation to provide evidence that feedback mechanisms maintain homeostasis.
HS,HS.Structure and Function,HS-LS1-1,LS1.A,Structure and Function
HS,HS.Structure and Function,HS-LS1-2,LS1.A,Structure and Function
HS,HS.Structure and Function,HS-LS1-3,LS1.A,Structure and Function
HS,HS.Matter and Energy in Organisms and Ecosystems,HS-LS1-5,,Use a model to illustrate how photosynthesis transforms light energy into stored chemical energy.
HS,HS.Matter and Energy in Organisms and Ecosystems,HS-LS1-6,,"Construct and revise an explanation based on evidence for how carbon, hydrogen, and oxygen from sugar
molecules may combine with other elements to form amino acids and/or other large carbon-based molecules."
HS,HS.Matter and Energy in Organisms and Ecosystems,HS-LS1-7,,"Use a model to illustrate that cellular respiration is a chemical process whereby the bonds of food molecules and
oxygen molecules are broken and the bonds in new compounds are formed resulting in a net transfer of energy."
HS,HS.Matter and Energy in Organisms and Ecosystems,HS-LS2-3,,"Construct and revise an explanation based on evidence for the cycling of matter and flow of energy in aerobic and
anaerobic conditions."
HS,HS.Matter and Energy in Organisms and Ecosystems,HS-LS2-4,,"Use mathematical representations to support claims for the cycling of matter and flow of energy among
organisms in an ecosystem."
HS,HS.Matter and Energy in Organisms and Ecosystems,HS-LS2-5,,"Develop a model to illustrate the role of photosynthesis and cellular respiration in the cycling of carbon among
the biosphere, atmosphere, hydrosphere, and geosphere."
HS,HS.Matter and Energy in Organisms and Ecosystems,HS-LS1-5,LS1.C,"Organization for Matter and Energy Flow in
Organisms"
HS,HS.Matter and Energy in Organisms and Ecosystems,HS-LS1-6,LS1.C,"Organization for Matter and Energy Flow in
Organisms"
HS,HS.Matter and Energy in Organisms and Ecosystems,HS-LS1-7,LS1.C,"Organization for Matter and Energy Flow in
Organisms"
HS,HS.Matter and Energy in Organisms and Ecosystems,HS-LS2-3,LS2.B,Cycles of Matter and Energy Transfer in Ecosystems
HS,HS.Matter and Energy in Organisms and Ecosystems,HS-LS2-4,LS2.B,Cycles of Matter and Energy Transfer in Ecosystems
HS,HS.Matter and Energy in Organisms and Ecosystems,HS-LS2-5,LS2.B,Cycles of Matter and Energy Transfer in Ecosystems
HS,HS.Matter and Energy in Organisms and Ecosystems,HS-LS2-5,PS3.D,Energy in Chemical Processes
HS,HS.Interdependent Relationships in Ecosystems,HS-LS2-1,,"Use mathematical and/or computational representations to support explanations of factors that affect
carrying capacity of ecosystems at different scales."
HS,HS.Interdependent Relationships in Ecosystems,HS-LS2-2,,"Use mathematical representations to support and revise explanations based on evidence about factors
affecting biodiversity and populations in ecosystems of different scales."
HS,HS.Interdependent Relationships in Ecosystems,HS-LS2-6,,"Evaluate the claims, evidence, and reasoning that the complex interactions in ecosystems maintain relatively
consistent numbers and types of organisms in stable conditions, but changing conditions may result in a new
ecosystem."
HS,HS.Interdependent Relationships in Ecosystems,HS-LS2-7,,"Design, evaluate, and refine a solution for reducing the impacts of human activities on the environment and
biodiversity."
HS,HS.Interdependent Relationships in Ecosystems,HS-LS2-8,,"Evaluate the evidence for the role of group behavior on individual and speciesÕ chances to survive and
reproduce."
HS,HS.Interdependent Relationships in Ecosystems,HS-LS4-6,,Create or revise a simulation to test a solution to mitigate adverse impacts of human activity on biodiversity.
HS,HS.Interdependent Relationships in Ecosystems,HS-LS2-1,LS2.A,Interdependent Relationships in Ecosystems
HS,HS.Interdependent Relationships in Ecosystems,HS-LS2-2,LS2.A,Interdependent Relationships in Ecosystems
HS,HS.Interdependent Relationships in Ecosystems,HS-LS2-2,LS2.C,"Ecosystem Dynamics, Functioning, and
Resilience"
HS,HS.Interdependent Relationships in Ecosystems,HS-LS2-6,LS2.C,"Ecosystem Dynamics, Functioning, and
Resilience"
HS,HS.Interdependent Relationships in Ecosystems,HS-LS2-7,LS2.C,"Ecosystem Dynamics, Functioning, and
Resilience"
HS,HS.Interdependent Relationships in Ecosystems,HS-LS2-8,LS2.D,Social Interactions and Group Behavior
HS,HS.Interdependent Relationships in Ecosystems,HS-LS4-6,LS4.C,Adaptation
HS,HS.Interdependent Relationships in Ecosystems,HS-LS2-7,LS4.D,Biodiversity and Humans
HS,HS.Interdependent Relationships in Ecosystems,HS-LS4-6,LS4.D,Biodiversity and Humans
HS,HS.Interdependent Relationships in Ecosystems,HS-LS2-7,ETS1.B,Developing Possible Solutions
HS,HS.Interdependent Relationships in Ecosystems,HS-LS4-6,ETS1.B,Developing Possible Solutions
HS,HS.Inheritance and Variation of Traits,HS-LS1-4,,"Use a model to illustrate the role of cellular division (mitosis) and differentiation in producing and maintaining
complex organisms."
HS,HS.Inheritance and Variation of Traits,HS-LS3-1,,"Ask questions to clarify relationships about the role of DNA and chromosomes in coding the instructions for
characteristic traits passed from parents to offspring."
HS,HS.Inheritance and Variation of Traits,HS-LS3-2,,"Make and defend a claim based on evidence that inheritable genetic variations may result from: (1) new genetic
combinations through meiosis, (2) viable errors occurring during replication, and/or (3) mutations caused by
environmental factors."
HS,HS.Inheritance and Variation of Traits,HS-LS3-3,,"Apply concepts of statistics and probability to explain the variation and distribution of expressed traits in a
population."
HS,HS.Inheritance and Variation of Traits,HS-LS3-1,LS1.A,Structure and Function
HS,HS.Inheritance and Variation of Traits,HS-LS1-4,LS1.B,Growth and Development of Organisms
HS,HS.Inheritance and Variation of Traits,HS-LS3-1,LS3.A,Inheritance of Traits
HS,HS.Inheritance and Variation of Traits,HS-LS3-2,LS3.B,Variation of Traits
HS,HS.Inheritance and Variation of Traits,HS-LS3-3,LS3.B,Variation of Traits
HS,HS.Natural Selection and Evolution,HS-LS4-1,,"Communicate scientific information that common ancestry and biological evolution are supported by multiple
lines of empirical evidence."
HS,HS.Natural Selection and Evolution,HS-LS4-2,,"Construct an explanation based on evidence that the process of evolution primarily results from four factors: (1)
the potential for a species to increase in number, (2) the heritable genetic variation of individuals in a species due
to mutation and sexual reproduction, (3) competition for limited resources, and (4) the proliferation of those
organisms that are better able to survive and reproduce in the environment."
HS,HS.Natural Selection and Evolution,HS-LS4-3,,"Apply concepts of statistics and probability to support explanations that organisms with an advantageous
heritable trait tend to increase in proportion to organisms lacking this trait."
HS,HS.Natural Selection and Evolution,HS-LS4-4,,Construct an explanation based on evidence for how natural selection leads to adaptation of populations.
HS,HS.Natural Selection and Evolution,HS-LS4-5,,"Evaluate the evidence supporting claims that changes in environmental conditions may result in: (1) increases in
the number of individuals of some species, (2) the emergence of new species over time, and (3) the extinction of
other species."
HS,HS.Natural Selection and Evolution,HS-LS4-1,LS4.A,Evidence of Common Ancestry and Diversity
HS,HS.Natural Selection and Evolution,HS-LS4-2,LS4.B,Natural Selection
HS,HS.Natural Selection and Evolution,HS-LS4-3,LS4.B,Natural Selection
HS,HS.Natural Selection and Evolution,HS-LS4-2,LS4.C,Adaptation
HS,HS.Natural Selection and Evolution,HS-LS4-3,LS4.C,Adaptation
HS,HS.Natural Selection and Evolution,HS-LS4-4,LS4.C,Adaptation
HS,HS.Natural Selection and Evolution,HS-LS4-5,LS4.C,Adaptation
HS,HS.Space Systems,HS-ESS1-1,,"Develop a model based on evidence to illustrate the life span of the sun and the role of nuclear fusion in the
sunÕs core to release energy that eventually reaches Earth in the form of radiation."
HS,HS.Space Systems,HS-ESS1-2,,"Construct an explanation of the Big Bang theory based on astronomical evidence of light spectra, motion of
distant galaxies, and composition of matter in the universe."
HS,HS.Space Systems,HS-ESS1-3,,"Communicate scientific ideas about the way stars, over their life cycle, produce elements."
HS,HS.Space Systems,HS-ESS1-4,,"Use mathematical or computational representations to predict the motion of orbiting objects in the solar
system."
HS,HS.Space Systems,HS-ESS1-1,ESS1.A,The Universe and Its Stars
HS,HS.Space Systems,HS-ESS1-2,ESS1.A,The Universe and Its Stars
HS,HS.Space Systems,HS-ESS1-3,ESS1.A,The Universe and Its Stars
HS,HS.Space Systems,HS-ESS1-4,ESS1.B,Earth and the Solar System
HS,HS.Space Systems,HS-ESS1-1,PS3.D,"Energy in Chemical Processes and Everyday
Life"
HS,HS.Space Systems,HS-ESS1-2,PS4.B,Electromagnetic Radiation
HS,HS.History of Earth,HS-ESS1-5,,"Evaluate evidence of the past and current movements of continental and oceanic crust and the theory of plate
tectonics to explain the ages of crustal rocks."
HS,HS.History of Earth,HS-ESS1-6,,"Apply scientific reasoning and evidence from ancient Earth materials, meteorites, and other planetary
surfaces to construct an account of EarthÕs formation and early history."
HS,HS.History of Earth,HS-ESS2-1,,"Develop a model to illustrate how EarthÕs internal and surface processes operate at different spatial and
temporal scales to form continental and ocean-floor features."
HS,HS.History of Earth,HS-ESS1-5,ESS1.C,The History of Planet Earth
HS,HS.History of Earth,HS-ESS1-6,ESS1.C,The History of Planet Earth
HS,HS.History of Earth,HS-ESS2-1,ESS2.A,Earth Materials and Systems
HS,HS.History of Earth,HS-ESS1-5,ESS2.B,"Plate Tectonics and Large-Scale System
Interactions"
HS,HS.History of Earth,HS-ESS2-1,ESS2.B,"Plate Tectonics and Large-Scale System
Interactions"
HS,HS.History of Earth,HS-ESS1-5,PS1.C,Nuclear Processes
HS,HS.History of Earth,HS-ESS1-6,PS1.C,Nuclear Processes
HS,HS.Earth’s Systems,HS-ESS2-2,,"Analyze geoscience data to make the claim that one change to EarthÕs surface can create feedbacks that
cause changes to other Earth systems."
HS,HS.Earth’s Systems,HS-ESS2-3,,Develop a model based on evidence of EarthÕs interior to describe the cycling of matter by thermal convection.
HS,HS.Earth’s Systems,HS-ESS2-5,,"Plan and conduct an investigation of the properties of water and its effects on Earth materials and surface
processes."
HS,HS.Earth’s Systems,HS-ESS2-6,,"Develop a quantitative model to describe the cycling of carbon among the hydrosphere, atmosphere,
geosphere, and biosphere."
HS,HS.Earth’s Systems,HS-ESS2-7,,"Construct an argument based on evidence about the simultaneous coevolution of EarthÕs systems and life on
Earth."
HS,HS.Earth’s Systems,HS-ESS2-2,ESS2.A,Earth Materials and Systems
HS,HS.Earth’s Systems,HS-ESS2-3,ESS2.A,Earth Materials and Systems
HS,HS.Earth’s Systems,HS-ESS2-3,ESS2.B,"Plate Tectonics and Large-Scale System
Interactions"
HS,HS.Earth’s Systems,HS-ESS2-5,ESS2.C,The Roles of Water in EarthÕs Surface Processes
HS,HS.Earth’s Systems,HS-ESS2-2,ESS2.D,Weather and Climate
HS,HS.Earth’s Systems,HS-ESS2-6,ESS2.D,Weather and Climate
HS,HS.Earth’s Systems,HS-ESS2-7,ESS2.D,Weather and Climate
HS,HS.Earth’s Systems,HS-ESS2-7,ESS2.E,Biogeology
HS,HS.Earth’s Systems,HS-ESS2-3,PS4.A,Wave Properties
HS,HS.Weather and Climate,HS-ESS2-4,,"Use a model to describe how variations in the flow of energy into and out of EarthÕs systems result in
changes in climate."
HS,HS.Weather and Climate,HS-ESS3-5,,"Analyze geoscience data and the results from global climate models to make an evidence-based forecast of
the current rate of global or regional climate change and associated future impacts to Earth systems."
HS,HS.Weather and Climate,HS-ESS2-4,ESS1.B,Earth and the Solar System
HS,HS.Weather and Climate,HS-ESS2-4,ESS2.A,Earth Materials and Systems
HS,HS.Weather and Climate,HS-ESS2-4,ESS2.D,Weather and Climate
HS,HS.Weather and Climate,HS-ESS3-5,ESS3.D,Global Climate Change
HS,HS.Human Sustainability,HS-ESS3-1,,"Construct an explanation based on evidence for how the availability of natural resources, occurrence of
natural hazards, and changes in climate have influenced human activity."
HS,HS.Human Sustainability,HS-ESS3-2,,"Evaluate competing design solutions for developing, managing, and utilizing energy and mineral resources
based on cost-benefit ratios."
HS,HS.Human Sustainability,HS-ESS3-3,,"Create a computational simulation to illustrate the relationships among management of natural resources,
the sustainability of human populations, and biodiversity."
HS,HS.Human Sustainability,HS-ESS3-4,,Evaluate or refine a technological solution that reduces impacts of human activities on natural systems.
HS,HS.Human Sustainability,HS-ESS3-6,,"Use a computational representation to illustrate the relationships among Earth systems and how those
relationships are being modified due to human activity."
HS,HS.Human Sustainability,HS-ESS3-6,ESS2.D,Weather and Climate
HS,HS.Human Sustainability,HS-ESS3-1,ESS3.A,Natural Resources
HS,HS.Human Sustainability,HS-ESS3-2,ESS3.A,Natural Resources
HS,HS.Human Sustainability,HS-ESS3-1,ESS3.B,Natural Hazards
HS,HS.Human Sustainability,HS-ESS3-3,ESS3.C,Human Impacts on Earth Systems
HS,HS.Human Sustainability,HS-ESS3-4,ESS3.C,Human Impacts on Earth Systems
HS,HS.Human Sustainability,HS-ESS3-6,ESS3.D,Global Climate Change
HS,HS.Human Sustainability,HS-ESS3-2,ETS1.B,Developing Possible Solutions
HS,HS.Engineering Design,HS-ETS1-1,,"Analyze a major global challenge to specify qualitative and quantitative criteria and constraints for solutions
that account for societal needs and wants."
HS,HS.Engineering Design,HS-ETS1-2,,"Design a solution to a complex real-world problem by breaking it down into smaller, more manageable
problems that can be solved through engineering."
HS,HS.Engineering Design,HS-ETS1-3,,"Evaluate a solution to a complex real-world problembased on prioritized criteria and trade-offs that account
for a range of constraints, including cost, safety, reliability, and aesthetics, as well as possible social, cultural,
and environmental impacts."
HS,HS.Engineering Design,HS-ETS1-4,,"Use a computer simulation to model the impact of proposed solutions to a complex real-world problem with
numerous criteria and constraints on interactions within and between systems relevant to the problem."
HS,HS.Engineering Design,HS-ETS1-1,ETS1.A,Defining and Delimiting Engineering Problems
HS,HS.Engineering Design,HS-ETS1-3,ETS1.B,Developing Possible Solutions
HS,HS.Engineering Design,HS-ETS1-4,ETS1.B,Developing Possible Solutions
HS,HS.Engineering Design,HS-ETS1-2,ETS1.C,Optimizing the Design Solution